Symbol,Series,Date,Prev Close,Open Price,High Price,Low Price,Last Price,Close Price,Average Price,Total Traded Quantity,Turnover,No. of Trades,Deliverable Qty,% Dly Qt to Traded Qty
WIPRO,EQ,23-Mar-21,414.45,417.7,423.4,412.7,415.25,415.5,416.98,11575194,4826667779,116986,3788326,32.73
WIPRO,EQ,24-Mar-21,415.5,411.35,415.45,409.2,410.8,411,411.84,5140347,2117024375,58920,1463486,28.47
WIPRO,EQ,25-Mar-21,411,410.7,411.7,397.75,400,399.65,402.63,12737129,5128332834,131050,6127743,48.11
WIPRO,EQ,26-Mar-21,399.65,404.8,407.7,400.65,405.8,403.9,403.72,9033369,3646930756,86480,3670689,40.63
WIPRO,EQ,30-Mar-21,403.9,405,420.45,405,419.7,418.1,413.6,13171390,5447725009,122127,4174238,31.69
WIPRO,EQ,31-Mar-21,418.1,419.8,419.8,413.35,414.2,414.15,415.37,7445134,3092516067,102143,2727424,36.63
WIPRO,EQ,1-Apr-21,414.15,418.85,422.85,414.35,416.7,416.4,417.72,7596943,3173383108,85649,1423843,18.74
WIPRO,EQ,5-Apr-21,416.4,416.45,427.9,416.2,425.9,425.45,423.14,21216395,8977445327,189433,5936319,27.98
WIPRO,EQ,6-Apr-21,425.45,427.95,428.9,422.35,426.8,427.15,425.99,8320520,3544424199,84993,2112688,25.39
WIPRO,EQ,7-Apr-21,427.15,425,439,423.4,437.25,438,431.67,13867650,5986266364,135260,5235867,37.76
WIPRO,EQ,8-Apr-21,438,441.95,445.95,440,442,442.1,442.94,12916614,5721239196,131870,3856670,29.86
WIPRO,EQ,9-Apr-21,442.1,442.9,451.35,440,450.9,450.1,446.5,11699385,5223736476,122731,2960383,25.3
WIPRO,EQ,12-Apr-21,450.1,450,450.1,429.4,435,432.6,435.75,15086267,6573824305,193573,3877022,25.7
WIPRO,EQ,13-Apr-21,432.6,432,437.55,412.6,421.75,418.95,420.89,20420320,8594711117,186965,5109038,25.02
WIPRO,EQ,15-Apr-21,418.95,418.9,434.45,415,433.7,430.7,428.6,26758891,11468829848,220999,8256473,30.86
WIPRO,EQ,16-Apr-21,430.7,441.7,473.65,436,469.45,469.2,464.06,109361636,50750032335,793471,20785895,19.01
WIPRO,EQ,19-Apr-21,469.2,463,477.95,461.1,471.5,472.75,470.56,43809855,20615137543,369723,6830051,15.59
WIPRO,EQ,20-Apr-21,472.75,476,477.55,467.8,469,470.1,471.11,17730691,8353185513,153624,4484639,25.29
WIPRO,EQ,22-Apr-21,470.1,471.6,494.5,471.6,486.5,486.65,486.53,42620929,20736285500,374711,9538175,22.38
WIPRO,EQ,23-Apr-21,486.65,483.55,487.35,474.35,475.4,475.7,481.46,13596003,6545914364,133513,3125332,22.99
WIPRO,EQ,26-Apr-21,475.7,479.4,483.85,477,482,480.3,479.77,9314644,4468926902,89443,3081057,33.08
WIPRO,EQ,27-Apr-21,480.3,481.4,487,481,483.85,485.05,484.07,7209467,3489909710,112831,2548269,35.35
WIPRO,EQ,28-Apr-21,485.05,485.85,493.2,481.25,488.65,489.3,487.55,9615534,4688083122,123736,3254249,33.84
WIPRO,EQ,29-Apr-21,489.3,492.7,492.8,485.7,489,489.85,489.45,7641133,3739988896,82446,2534352,33.17
WIPRO,EQ,30-Apr-21,489.85,491.5,511.8,489.3,492.5,492.75,501.42,29115571,14599246633,252478,5182914,17.8
WIPRO,EQ,3-May-21,492.75,487.95,496,483.25,486.5,487.35,488.82,8599731,4203683079,126044,2410571,28.03
WIPRO,EQ,4-May-21,487.35,487.3,488.3,477.8,482.7,481.95,482.16,8102429,3906706590,102716,2423908,29.92
WIPRO,EQ,5-May-21,481.95,484.8,496,483.3,491,490.6,490.81,11856591,5819333200,133151,4294845,36.22
WIPRO,EQ,6-May-21,490.6,493.7,514.8,487.25,512.25,512.3,506.32,24413544,12361090015,217647,4789659,19.62
WIPRO,EQ,7-May-21,512.3,514,516.55,507.5,515,515.25,512.83,14666581,7521451582,168063,4685910,31.95
WIPRO,EQ,10-May-21,515.25,517.6,528.5,513.25,525,525.95,521.17,12544472,6537819437,136958,4397699,35.06
WIPRO,EQ,11-May-21,525.95,517.95,523.3,514.05,521.75,518.4,517.71,7649499,3960235414,143466,2637998,34.49
WIPRO,EQ,12-May-21,518.4,519.95,522.55,504.85,506.5,507.6,512.01,7871107,4030090200,97433,2449152,31.12
WIPRO,EQ,14-May-21,507.6,507.5,508.4,492.75,498,498.45,497.83,6799879,3385152072,112630,1964832,28.9
WIPRO,EQ,17-May-21,498.45,498.45,503.7,495,500.9,499.8,500.11,5752650,2876962160,77090,2353790,40.92
WIPRO,EQ,18-May-21,499.8,502,514.8,500.9,507.4,508.05,509.98,9380746,4784035418,128403,2911769,31.04
WIPRO,EQ,19-May-21,508.05,508.3,517.8,505.15,510.55,511.65,512.88,7490396,3841654930,93424,1904890,25.43
WIPRO,EQ,20-May-21,511.65,516,517,503.6,507.95,508.25,510.08,6292304,3209580586,98810,2126334,33.79
WIPRO,EQ,21-May-21,508.25,510,515.9,509.15,512.25,512.7,512.84,5197503,2665502008,82959,1918807,36.92
WIPRO,EQ,24-May-21,512.7,511.9,518.5,509.65,515,514.9,515.62,7436812,3834558577,78472,3897874,52.41
WIPRO,EQ,25-May-21,514.9,517.4,524.85,515.7,517.75,517.55,520.01,7954564,4136452254,91685,3298340,41.46
WIPRO,EQ,26-May-21,517.55,514.9,530.45,514.75,527.25,527.25,525.5,8823190,4636564672,108812,1506969,17.08
WIPRO,EQ,27-May-21,527.25,527.25,545,525.05,537.4,540.9,539.19,29411126,15858071297,191129,14350828,48.79
WIPRO,EQ,28-May-21,540.9,539,540.3,532.65,537.75,538.7,536.6,5878626,3154444297,84880,949210,16.15
WIPRO,EQ,31-May-21,538.7,538.7,540.55,531.05,539.6,539.05,537.4,5386205,2894547690,75245,1419368,26.35
WIPRO,EQ,1-Jun-21,539.05,541.9,547,539.65,543.5,542.8,543.11,5965044,3239690158,80875,1061124,17.79
WIPRO,EQ,2-Jun-21,542.8,541.95,545,533,542.05,543,539.1,4713568,2541100371,71034,1490525,31.62
WIPRO,EQ,3-Jun-21,543,545.7,549.9,538.3,539,539.05,541.49,5637991,3052926411,89325,2314303,41.05
WIPRO,EQ,4-Jun-21,539.05,543.5,545.5,540.45,541.35,541.2,542.62,4771716,2589246031,72051,1864995,39.08
WIPRO,EQ,7-Jun-21,541.2,544.7,551.2,542.7,547.95,548.25,548.14,4348433,2383568849,57770,1695079,38.98
WIPRO,EQ,8-Jun-21,548.25,550,555.5,549.15,551.3,550.6,552.19,5429734,2998218096,88932,1938559,35.7
WIPRO,EQ,9-Jun-21,550.6,553,553.25,542.2,545.3,544.2,547.74,6206899,3399794027,88712,2872615,46.28
WIPRO,EQ,10-Jun-21,544.2,545.55,555.5,545.55,554.3,554.25,552.94,5720744,3163246994,83406,2191571,38.31
WIPRO,EQ,11-Jun-21,554.25,555,558.95,551.5,555,554.3,555.3,5612359,3116525229,78697,2271000,40.46
WIPRO,EQ,14-Jun-21,554.3,553.9,562.8,553,562.1,561.6,559.27,5952159,3328886762,104112,1551168,26.06
WIPRO,EQ,15-Jun-21,561.6,561.5,564,557,558,557.9,560.54,3837245,2150921873,72576,1662354,43.32
WIPRO,EQ,16-Jun-21,557.9,559.9,562.55,553.5,555.7,555.25,557.94,5497269,3067122958,96834,1825733,33.21
WIPRO,EQ,17-Jun-21,555.25,552.5,561.5,549.55,559.25,558.7,555.66,4399348,2444545060,75806,1511429,34.36
WIPRO,EQ,18-Jun-21,558.7,560,561.95,546.05,553.3,549.8,551.95,10007116,5523475034,133048,6159866,61.55
WIPRO,EQ,21-Jun-21,549.8,544.75,544.75,535.2,543.4,542.15,540.03,5390821,2911210878,101331,1652225,30.65
WIPRO,EQ,22-Jun-21,542.15,545.25,559.95,542.3,556.7,556.55,553.47,5752921,3184042636,81952,1467349,25.51
WIPRO,EQ,23-Jun-21,556.55,560,560.85,538.4,540.45,540.15,545.31,11242702,6130776304,241626,6064961,53.95
WIPRO,EQ,24-Jun-21,540.15,541.9,550.55,539.2,547.25,549.05,546.31,8668680,4735807354,147663,3572879,41.22
WIPRO,EQ,25-Jun-21,549.05,549.85,551,540.5,546.9,547.5,546.25,5039822,2753012964,78900,1637997,32.5
WIPRO,EQ,28-Jun-21,547.5,549.75,550.8,544.25,547.45,547.4,547.78,3259830,1785679245,55270,1265572,38.82
WIPRO,EQ,29-Jun-21,547.4,547.8,553.75,541,543.9,542.6,546.44,7927880,4332122757,89944,3271683,41.27
WIPRO,EQ,30-Jun-21,542.6,544.85,548,542,546.1,545.65,545.7,4293322,2342867367,60212,2179290,50.76
WIPRO,EQ,1-Jul-21,545.65,545,545.9,538,539.6,539.35,540.69,4329374,2340853245,73794,1486365,34.33
WIPRO,EQ,2-Jul-21,539.35,540.1,542.3,533.6,538.65,538.6,537.3,4157307,2233735583,98129,1552218,37.34
WIPRO,EQ,5-Jul-21,538.6,542.9,542.9,535.55,536.5,536.35,537.49,3439169,1848526089,71275,1313313,38.19
WIPRO,EQ,6-Jul-21,536.35,536.55,538.3,531.85,533.35,532.6,533.81,4193441,2238520021,82063,1544484,36.83
WIPRO,EQ,7-Jul-21,532.6,534.05,536.4,525.1,533.2,532.15,531.49,5377687,2858185180,99342,1812291,33.7
WIPRO,EQ,8-Jul-21,532.15,533.9,536.95,528,531.8,531,532.33,4565510,2430344542,80316,2064172,45.21
WIPRO,EQ,9-Jul-21,531,527.4,530.95,523.25,529.6,525.8,526.28,5724608,3012725713,113649,2449017,42.78
WIPRO,EQ,12-Jul-21,525.8,530.75,532.15,523.2,527,525.85,528.04,3865556,2041158283,65255,1629876,42.16
WIPRO,EQ,13-Jul-21,525.85,528,529.5,522.6,525.5,524.85,525.64,4172358,2193171747,74347,1947854,46.68
WIPRO,EQ,14-Jul-21,524.85,526.25,563.3,525.6,561.55,561.7,551,29348083,16170681588,297165,5684371,19.37
WIPRO,EQ,15-Jul-21,561.7,561,579.65,559,578.35,575.9,572.71,31066201,17791848836,339133,3864064,12.44
WIPRO,EQ,16-Jul-21,575.9,580,589.25,568.3,576.85,577.75,577.56,36907827,21316409303,342240,9712637,26.32
WIPRO,EQ,19-Jul-21,577.75,572.55,584,570,574.5,573.8,577.28,10857851,6267991209,146244,3867533,35.62
WIPRO,EQ,20-Jul-21,573.8,575.7,578.15,561.55,567.05,568.1,567.43,10523527,5971408868,162884,4747383,45.11
WIPRO,EQ,22-Jul-21,568.1,577.1,585,571,584,584.2,579.61,12043385,6980516024,165273,4347340,36.1
WIPRO,EQ,23-Jul-21,584.2,586.5,601.8,583.7,598,599.15,594.86,14057455,8362239771,181766,3925711,27.93
WIPRO,EQ,26-Jul-21,599.15,600.1,600.5,588.25,589.95,590.45,594,6099903,3623336765,99789,2613996,42.85
WIPRO,EQ,27-Jul-21,590.45,588.9,594.65,584.15,590.35,591.45,588.79,3983137,2345249041,72826,1288924,32.36
WIPRO,EQ,28-Jul-21,591.45,590.95,593.35,583,590.5,591.95,587.86,4573930,2688842135,88095,1306215,28.56
WIPRO,EQ,29-Jul-21,591.95,593.6,598,587.9,589.35,590.45,593.23,5834470,3461189213,94587,3121211,53.5
WIPRO,EQ,30-Jul-21,590.45,588.85,593,585,586.1,587.15,589.07,3178206,1872187336,52651,1357818,42.72
WIPRO,EQ,2-Aug-21,587.15,588.2,595.4,582.25,595,592.25,588.64,4623898,2721796505,84367,1913479,41.38
WIPRO,EQ,3-Aug-21,592.25,604,604,594.15,598.25,599.4,597.75,5165607,3087754085,83173,1621547,31.39
WIPRO,EQ,4-Aug-21,599.4,603.5,604,594.3,596.4,596.8,597.91,4509356,2696169107,84693,1822755,40.42
WIPRO,EQ,5-Aug-21,596.8,597.5,614.5,597.5,601.2,600.9,606.72,11294364,6852488158,160546,1842238,16.31
WIPRO,EQ,6-Aug-21,600.9,603.75,606.4,596.3,599.55,598,601.42,5270200,3169628816,68379,2113907,40.11
WIPRO,EQ,9-Aug-21,598,600,606,595.5,597.25,596.8,599.75,4646751,2786891518,87032,1905278,41
WIPRO,EQ,10-Aug-21,596.8,598.4,608.95,593.1,604,603.85,603,7027782,4237761449,113532,2004829,28.53
WIPRO,EQ,11-Aug-21,603.85,601.9,606.5,598.45,601.8,601.25,601.72,4282513,2576881695,87120,1861141,43.46
WIPRO,EQ,12-Aug-21,601.25,602,608.9,600.65,605.55,605.85,605.08,3952508,2391592316,69339,1322036,33.45
WIPRO,EQ,13-Aug-21,605.85,606,620.45,606,616,615.5,614.1,8364684,5136732670,122110,2277654,27.23
WIPRO,EQ,16-Aug-21,615.5,616.1,620.9,610.5,613.45,614.05,615.39,3572426,2198437644,65663,897096,25.11
WIPRO,EQ,17-Aug-21,614.05,613.75,637.05,611.2,634.25,634.9,626.66,11822772,7408823751,167805,2930121,24.78
WIPRO,EQ,18-Aug-21,634.9,635.75,639.2,624.6,628.6,629.4,631.97,6923577,4375498771,115452,1932854,27.92
WIPRO,EQ,20-Aug-21,629.4,622.5,631.95,618,619,620.05,623.36,6170693,3846534399,103800,2579803,41.81
WIPRO,EQ,23-Aug-21,620.05,626,636.95,623.5,628.4,628.85,630.46,7036375,4436147579,112440,1764408,25.08
WIPRO,EQ,24-Aug-21,628.85,636,636,624.1,632.7,633.55,630.64,4483718,2827591933,91094,1286544,28.69
WIPRO,EQ,25-Aug-21,633.55,635,642.8,629.55,631.65,631.65,636.31,6407718,4077322503,109313,1360967,21.24
WIPRO,EQ,26-Aug-21,631.65,632.2,638.5,626,629.35,628.95,631.86,4208351,2659077080,72896,1186314,28.19
WIPRO,EQ,27-Aug-21,628.95,629.5,636,625.3,633.4,634.95,632.11,4371554,2763302617,76603,1101028,25.19
WIPRO,EQ,30-Aug-21,634.95,635.95,639.5,630.55,632.05,632.45,633.87,4371855,2771178275,86098,1747490,39.97
WIPRO,EQ,31-Aug-21,632.45,634.6,642.55,628.9,640.75,640.95,637.51,7795908,4969973292,100355,3576519,45.88
WIPRO,EQ,1-Sep-21,640.95,643.8,647.35,635.25,640.75,642.05,641.38,4725222,3030643577,77411,1463441,30.97
WIPRO,EQ,2-Sep-21,642.05,645,657,640.75,651.95,651.45,648.56,4538778,2943673917,101448,1490861,32.85
WIPRO,EQ,3-Sep-21,651.45,653,656.7,649.5,654.5,655.1,653.68,3774970,2467621752,72913,1361968,36.08
WIPRO,EQ,6-Sep-21,655.1,656.65,688.7,656.65,687.5,686.45,675.53,12338416,8334933805,181005,2124815,17.22
WIPRO,EQ,7-Sep-21,686.45,690,690,672.75,675.25,674.25,679.16,6406109,4350784690,123984,1420797,22.18
WIPRO,EQ,8-Sep-21,674.25,675.4,675.4,660,662.9,662.2,664.96,6716231,4466055753,168232,3235033,48.17
WIPRO,EQ,9-Sep-21,662.2,660.9,664.55,654,662.4,662.35,660.1,5805730,3832374503,164661,2194059,37.79
WIPRO,EQ,13-Sep-21,662.35,662.35,671.85,657.85,670.5,670.75,667.33,5588789,3729582663,104591,2283624,40.86
WIPRO,EQ,14-Sep-21,670.75,671,675.7,670,673.2,673.45,673.41,3661338,2465586434,78079,1503357,41.06
WIPRO,EQ,15-Sep-21,673.45,674,680.55,670,673.7,674.05,675.03,4145416,2798266204,82341,1446052,34.88
WIPRO,EQ,16-Sep-21,674.05,679.75,680.75,665,668.5,667.85,670.77,4657846,3124352032,110855,1649625,35.42
WIPRO,EQ,17-Sep-21,667.85,671.4,674.4,662.75,664.5,665.25,668.16,5407781,3613264613,100310,2672030,49.41
WIPRO,EQ,20-Sep-21,665.25,657.75,670.5,653.4,658.55,662.5,664.4,4546430,3020643884,102563,1272354,27.99
WIPRO,EQ,21-Sep-21,662.5,660.5,669,657.1,667.6,667.6,663.15,3683551,2442733381,73613,1221378,33.16
WIPRO,EQ,22-Sep-21,667.6,669,674.5,663,669.5,668.15,668.59,4791652,3203643725,89301,1960337,40.91
WIPRO,EQ,23-Sep-21,668.15,672.9,677,671.4,674,674.3,674.63,3231293,2179913816,73519,1382422,42.78
WIPRO,EQ,24-Sep-21,674.3,680.5,699.15,675,676.5,676.5,687,12126588,8330972597,229739,2866017,23.63
WIPRO,EQ,27-Sep-21,676.5,678.05,678.35,651,654.65,653.9,658.22,8399082,5528436343,216413,3577553,42.59
WIPRO,EQ,28-Sep-21,653.9,653.9,653.9,635.25,639,639.6,642.5,8112462,5212229781,229439,3725545,45.92
WIPRO,EQ,29-Sep-21,639.6,629.95,646.5,627.35,641,640.75,636.66,8839566,5627772817,178469,4067336,46.01
WIPRO,EQ,30-Sep-21,640.75,638.75,646.75,632.55,635.6,634.1,638.65,6013959,3840837894,124346,3013234,50.1
WIPRO,EQ,1-Oct-21,634.1,634.8,639.75,630.2,636,636.25,635.17,4208854,2673342505,97991,1471892,34.97
WIPRO,BL,4-Oct-21,261.55,636.25,636.25,636.25,636.25,636.25,636.25,1298818,826372952.5,87536,1698635,36.78
WIPRO,EQ,4-Oct-21,636.25,639.9,643.6,635.95,643.35,641.05,638.84,5247122,3352073760,122772,2903508,55.34
WIPRO,EQ,5-Oct-21,641.05,636.45,649.5,634.05,647.4,646.85,641.56,5456074,3500391665,107964,1922472,35.24
WIPRO,EQ,6-Oct-21,646.85,650.4,650.45,634.4,635.4,635.75,640.73,4836599,3098930247,118313,2266980,46.87
WIPRO,EQ,7-Oct-21,635.75,639,648.55,636.9,643.8,642.95,643.86,3724343,2397969493,84656,1537354,41.28
WIPRO,EQ,8-Oct-21,642.95,646.15,667.55,645,661.95,661.15,659.07,11045983,7280109460,187676,2684472,24.3
WIPRO,EQ,11-Oct-21,661.15,648.95,666.3,635,653.55,652.8,651.74,10211466,6655195304,168705,2580033,25.27
WIPRO,EQ,12-Oct-21,652.8,652,662.4,642.55,659.5,659.1,653.44,9340216,6103274798,142111,3968061,42.48
WIPRO,EQ,13-Oct-21,659.1,665,674.7,656,672.35,672.6,664.89,9462941,6291831299,158303,3637918,38.44
WIPRO,EQ,14-Oct-21,672.6,697,739.85,695,709,708.25,717.07,59188803,42442290634,721106,10479152,17.7
WIPRO,EQ,18-Oct-21,708.25,719,720.8,702.4,711.05,709.75,711.39,10599446,7540370906,169511,4832594,45.59
WIPRO,EQ,19-Oct-21,709.75,717.1,729.95,708,714,711.55,721.38,10932574,7886486106,235015,3018306,27.61
WIPRO,EQ,20-Oct-21,711.55,713.6,722.75,695.75,703,701.95,705.96,8054391,5686039586,172231,3119495,38.73
WIPRO,EQ,21-Oct-21,701.95,708.95,709,681.7,696.75,696.3,694.67,7958456,5528490961,140510,2851949,35.84
WIPRO,EQ,22-Oct-21,696.3,701.75,705.5,678.25,683,682.4,689.25,5379151,3707574677,119174,1453991,27.03
WIPRO,EQ,25-Oct-21,682.4,682.75,684.2,660.8,667.25,667.7,667.74,8810958,5883463119,155221,4156554,47.17
WIPRO,EQ,26-Oct-21,667.7,671.05,678.8,665,670,668.15,669.48,6096983,4081791619,103342,2687152,44.07
WIPRO,EQ,27-Oct-21,668.15,668.15,674.55,663.45,671,671.1,669.04,6315589,4225412463,97570,2941563,46.58
WIPRO,EQ,28-Oct-21,671.1,671,671.6,655,657.15,656.9,663.73,5178771,3437306513,111991,2110456,40.75
WIPRO,EQ,29-Oct-21,656.9,658.25,659.4,644.25,647.5,646.75,650.35,6761317,4397239765,150671,3315111,49.03
WIPRO,EQ,1-Nov-21,646.75,651.1,656.95,647.5,654.3,655.45,652.23,4401233,2870602842,96834,2022049,45.94
WIPRO,EQ,2-Nov-21,655.45,657,661,651.1,655.9,653.8,654.53,4039689,2644114247,84037,2104938,52.11
WIPRO,EQ,3-Nov-21,653.8,659.4,661.85,650.2,652.25,652.5,654.96,3435591,2250188180,73421,1372089,39.94
WIPRO,EQ,4-Nov-21,652.5,655,657.65,647.4,652,653.7,654.96,782905,512772023.7,47769,479093,61.19
WIPRO,EQ,8-Nov-21,653.7,652.95,661,647.5,658.35,658.35,655.07,4752230,3113057040,102448,2177534,45.82
WIPRO,EQ,9-Nov-21,658.35,663.1,666.25,656.7,658,658.45,661.98,4142065,2741965642,85828,1929674,46.59
WIPRO,EQ,10-Nov-21,658.45,655.9,659,651.55,652.95,652.6,655.01,4045695,2649962255,91517,2396837,59.24
WIPRO,EQ,11-Nov-21,652.6,649.75,649.75,636.8,642.95,641.8,642.26,6033898,3875331680,162350,2600931,43.11
WIPRO,EQ,12-Nov-21,641.8,648,662.5,645.8,661,660.05,653.9,6063253,3964791301,115112,2746168,45.29
WIPRO,EQ,15-Nov-21,660.05,661.55,666,657.15,658.95,658.9,662.08,4717998,3123686557,102378,1811254,38.39
WIPRO,EQ,16-Nov-21,658.9,658.4,668.75,654.65,662,661.45,663.81,5663547,3759495856,101954,2928701,51.71
WIPRO,EQ,17-Nov-21,661.45,661.45,668,658,663,661.8,663.14,4427497,2936051419,83228,2095936,47.34
WIPRO,EQ,18-Nov-21,661.8,663.4,665.95,645.25,649.5,651.45,653.37,3921249,2562025834,90853,1772807,45.21
WIPRO,EQ,22-Nov-21,651.45,658,660.45,638,645.8,644.05,650.78,5791217,3768807727,149258,2132153,36.82
WIPRO,EQ,23-Nov-21,644.05,642.7,648.95,626.05,642.75,642.8,642.44,4567462,2934328054,121220,1551884,33.98
WIPRO,EQ,24-Nov-21,642.8,644.3,647.6,633.1,634.2,636.5,640.76,3992776,2558409629,119591,1755566,43.97
WIPRO,EQ,25-Nov-21,636.5,637,641.8,633,636.45,636.7,636.32,3330681,2119388343,77901,1296803,38.94
WIPRO,EQ,26-Nov-21,636.7,632,634.4,619.65,621.3,621.45,626.73,4138537,2593730925,144956,1846220,44.61
WIPRO,EQ,29-Nov-21,621.45,616.55,632.85,603.95,631.15,630.6,622.2,5188030,3227994435,130635,1685169,32.48
WIPRO,EQ,30-Nov-21,630.6,630.6,645.5,630.5,638,637.25,637.33,13425100,8556282618,164308,8710600,64.88
WIPRO,EQ,1-Dec-21,637.25,642.6,645.95,633.25,635.6,634.8,638.51,4726822,3018104581,117863,2190068,46.33
WIPRO,EQ,2-Dec-21,634.8,636.9,648.1,629,646.5,646.8,641.38,5105228,3274388564,103641,2160910,42.33
WIPRO,EQ,3-Dec-21,646.8,644.75,653.95,639.9,640.45,640.75,644.93,6702505,4322646000,108629,3654411,54.52
WIPRO,EQ,6-Dec-21,640.75,637.25,644.2,623.15,624.6,624.5,631.19,4704953,2969720317,101023,2226869,47.33
WIPRO,EQ,7-Dec-21,624.5,628,634.55,623,633.4,632.4,629.63,4278545,2693908722,71662,1818419,42.5
WIPRO,EQ,8-Dec-21,632.4,639,653,638.25,642.1,641.7,645.26,7680329,4955838182,128789,3023218,39.36
WIPRO,EQ,9-Dec-21,641.7,641.75,647.6,637.85,644.7,643.2,641.58,3432802,2202413410,64614,1403638,40.89
WIPRO,EQ,10-Dec-21,643.2,642.15,645.9,635.1,638.4,638.25,639.36,4262606,2725341167,91876,2287232,53.66
WIPRO,EQ,13-Dec-21,638.25,643.5,656.55,640.2,646.95,645.4,648.19,6561840,4253317200,108644,3195970,48.71
WIPRO,EQ,14-Dec-21,645.4,646,651.9,639.25,647,646.9,647.11,4304706,2785626529,87148,1859554,43.2
WIPRO,EQ,15-Dec-21,646.9,646.7,646.7,635.35,636.55,636.4,638.83,3561772,2275355819,78869,1606411,45.1
WIPRO,EQ,16-Dec-21,636.4,644,649.9,639.4,647.5,644.3,644.54,6218620,4008141651,106870,2358282,37.92
WIPRO,EQ,17-Dec-21,644.3,660,676.8,650.1,674.75,670.8,666.35,52300009,34850353509,329867,27077353,51.77
WIPRO,EQ,20-Dec-21,670.8,667.55,677.5,663,665.7,665.95,669.49,13149101,8803194878,234233,3118757,23.72
WIPRO,EQ,21-Dec-21,665.95,676,697.1,671,691.15,690.8,687.97,13681048,9412155711,229706,3917232,28.63
WIPRO,EQ,22-Dec-21,690.8,695.9,695.9,681.2,686,685.65,686.04,6163877,4228684113,115900,2040519,33.1
WIPRO,EQ,23-Dec-21,685.65,690.1,702,689.1,693.75,694.55,694.81,6472454,4497107110,113153,2536126,39.18
WIPRO,EQ,24-Dec-21,694.55,697.75,702.4,690.15,697.65,698.45,696.16,6591213,4588516728,104089,1985825,30.13
WIPRO,EQ,27-Dec-21,698.45,699.85,701,691.15,699,699.6,696.98,5094328,3550663176,89498,1658673,32.56
WIPRO,EQ,28-Dec-21,699.6,703,707.5,701.55,705.25,705.45,704.64,5079022,3578888798,92950,2126184,41.86
WIPRO,EQ,29-Dec-21,705.45,705.25,710,700.05,703.8,703.7,705.04,3949208,2784346136,82721,1737779,44
WIPRO,EQ,30-Dec-21,703.7,705.1,719.9,704,716.15,714.1,714.51,9043675,6461772649,146624,2897093,32.03
WIPRO,EQ,31-Dec-21,714.1,715.8,718.8,709.1,715.3,715.35,713.7,4274779,3050906706,94710,1422185,33.27
WIPRO,EQ,3-Jan-22,715.35,718,726.8,716,718.95,718.7,720.13,4640405,3341671783,86315,1796855,38.72
WIPRO,EQ,4-Jan-22,718.7,722.75,723.1,711.55,722,721.5,718.18,5114400,3673042530,94475,2097300,41.01
WIPRO,EQ,5-Jan-22,721.5,720,720.85,703,713.6,713.5,711.37,7355632,5232609496,135056,3418195,46.47
WIPRO,EQ,6-Jan-22,713.5,705.8,712.25,699.95,706.2,705.75,706.11,6441610,4548514019,113645,3301841,51.26
WIPRO,EQ,7-Jan-22,705.75,708,721.5,707.6,708.1,711.5,714.64,6560163,4688131223,108556,2744480,41.84
WIPRO,EQ,10-Jan-22,711.5,709,709,690,694.85,693.5,696.03,13768910,9583640470,299201,6950923,50.48
WIPRO,EQ,11-Jan-22,693.5,695,698.45,689,694.75,694.15,693.99,7743729,5374054807,162859,3324495,42.93
WIPRO,EQ,12-Jan-22,694.15,700,701.75,683.2,691,691.35,689.99,11730341,8093849939,231777,4673009,39.84
WIPRO,EQ,13-Jan-22,691.35,663.2,666,648,650.05,649.75,653.9,30752967,20109385971,549500,12454314,40.5
WIPRO,EQ,14-Jan-22,649.75,649.25,649.25,636.5,640.25,639.8,640.71,13257274,8494094447,295017,7181140,54.17
WIPRO,EQ,17-Jan-22,639.8,639.5,651.65,633.05,646.2,646.65,644.69,10228938,6594447611,214235,4301516,42.05
WIPRO,EQ,18-Jan-22,646.65,648.9,650,631.15,634.9,633.3,640.09,7164990,4586253613,208075,3788717,52.88
WIPRO,EQ,19-Jan-22,633.3,631,631.65,619,623,621.15,622.39,8691383,5409466618,260851,4722203,54.33
WIPRO,EQ,20-Jan-22,621.15,620.65,622.4,610.5,616,615.2,615.09,8413562,5175070110,236580,4359040,51.81
WIPRO,EQ,21-Jan-22,615.2,610,611,600.8,605.5,605.05,605.79,9823347,5950865121,271103,5129054,52.21
WIPRO,EQ,24-Jan-22,605.05,605.5,605.5,568.45,572,572.75,580.89,13075358,7595394133,358789,7681972,48.51
WIPRO,EQ,25-Jan-22,572.75,562.5,572,550.7,563.5,562.7,562.21,17356185,9757763137,387154,8499268,48.97
WIPRO,EQ,27-Jan-22,562.7,555,556.9,537.2,545.3,544.75,544.98,15675872,8543041600,364388,7038986,44.9
WIPRO,EQ,28-Jan-22,544.75,550.1,564.95,546.65,552,552.15,557.5,14949890,8334594506,318562,6912718,46.24
WIPRO,EQ,31-Jan-22,552.15,569,574.4,562.55,573,572.6,569.95,13126087,7481206036,239165,5345041,40.72
WIPRO,EQ,1-Feb-22,572.6,579.9,582.4,566.45,577.5,576.65,575.24,10460101,6017065489,208035,3738761,35.74
WIPRO,EQ,2-Feb-22,576.65,582,590,575,589.4,588,585.6,8184413,4792799141,150980,3195626,39.05
WIPRO,EQ,3-Feb-22,588,584.7,588.8,576.15,577.8,578.25,582.86,7041390,4104124109,129088,3095774,43.97
WIPRO,EQ,4-Feb-22,578.25,577,577.8,568.05,573,571.75,573.73,6816779,3910992145,138822,3149406,46.2
WIPRO,EQ,7-Feb-22,571.75,571.9,573.8,555.6,557.8,557,561.96,7545679,4240361820,180732,3845730,50.97
WIPRO,EQ,8-Feb-22,557,561.4,565.8,554.45,559.9,560.25,560.2,6976907,3908437098,127178,2790796,40
WIPRO,EQ,9-Feb-22,560.25,564.4,570.75,563.3,569.5,568.95,568.38,5103738,2900883008,97434,2427954,47.57
WIPRO,EQ,10-Feb-22,568.95,572.4,574.75,566.2,573.9,573.65,570.83,5801912,3311918818,131663,3359182,57.9
WIPRO,EQ,11-Feb-22,573.65,566,566,557.1,561.25,561.45,560.79,7721229,4329993162,159312,3511364,45.48
WIPRO,EQ,14-Feb-22,561.45,550,557.15,540,542.45,541.7,549.39,8120773,4461505135,190993,3474656,42.79
WIPRO,EQ,15-Feb-22,541.7,545.6,565.25,543.25,565,563.35,554.34,6838496,3790829515,152740,1959576,28.66
WIPRO,EQ,16-Feb-22,563.35,565.15,570.3,557.55,561.5,563.9,563.44,7303911,4115310265,119985,3578751,49
WIPRO,EQ,17-Feb-22,563.9,572,572.4,561.15,563.95,564.9,566.54,7114420,4030613863,127323,2213735,31.12
WIPRO,EQ,18-Feb-22,564.9,559,565.7,555.35,562.5,562.45,560.97,6705919,3761846880,112569,2300868,34.31
WIPRO,EQ,21-Feb-22,562.45,555.75,572.7,555.4,571.9,570.8,566.29,8767001,4964677275,144477,3867641,44.12
WIPRO,EQ,22-Feb-22,570.8,556.25,569,556.1,562.2,564.15,563.96,10745062,6059738465,148389,3984807,37.09
WIPRO,EQ,23-Feb-22,564.15,569.2,570.9,562.65,566,567.1,566.59,7204256,4081857513,109133,3110638,43.18
WIPRO,EQ,24-Feb-22,567.1,548,556.9,531.15,538.3,537.15,544.12,13476944,7333030978,245211,6519106,48.37
WIPRO,EQ,25-Feb-22,537.15,548,558.75,547.5,556,555.25,554.5,7961312,4414578977,135467,3416071,42.91
WIPRO,EQ,28-Feb-22,555.25,551,560.1,544.1,556.3,555.8,554.54,9158437,5078706365,114738,4772984,52.12
WIPRO,EQ,2-Mar-22,555.8,555,558.3,550.4,557.1,555.2,554.96,8177055,4537934615,145582,4943603,60.46
WIPRO,EQ,3-Mar-22,555.2,563,575.95,560.35,570.45,569.55,571.02,12955663,7397906511,184234,6234900,48.12
WIPRO,EQ,4-Mar-22,569.55,561,580,554.05,573.55,575.3,569.46,13474186,7673070742,186880,6992617,51.9
WIPRO,EQ,7-Mar-22,575.3,563,579.65,562.25,572,571.85,573.14,10556167,6050204623,186568,4671181,44.25
WIPRO,EQ,8-Mar-22,571.85,572,590.75,572,587.25,587.45,580.96,11019999,6402231936,195154,5470289,49.64
WIPRO,EQ,9-Mar-22,587.45,588,596.4,582.15,587.7,585.5,591.12,11763616,6953723022,233075,5811285,49.4
WIPRO,EQ,10-Mar-22,585.5,595,596.5,584.6,587.45,588.25,589.55,8080983,4764121467,155438,3741997,46.31
WIPRO,EQ,11-Mar-22,588.25,587,590,582.4,586.1,586.2,586.57,4963594,2911514942,95181,2466747,49.7
WIPRO,EQ,14-Mar-22,586.2,586.4,600.8,586,597.7,598.15,596.3,7503221,4474192625,134598,3394503,45.24
WIPRO,EQ,15-Mar-22,598.15,603.7,603.7,584.3,587.4,587.7,593.02,6926622,4107649657,115955,2794377,40.34
WIPRO,EQ,16-Mar-22,587.7,595.25,599.45,592.5,598.6,598.25,596.28,5575148,3324368757,94616,2664615,47.79
WIPRO,EQ,17-Mar-22,598.25,605,611,599,602.95,601.2,605,8440645,5106630935,124518,4413922,52.29
WIPRO,EQ,21-Mar-22,601.2,605.1,616,598,600.5,600,606.59,7796476,4729227902,123204,3082277,39.53
WIPRO,EQ,22-Mar-22,600,603.4,611,596.15,610.5,610.05,604.33,7790250,4707899108,110911,2573280,33.03
WIPRO,EQ,23-Mar-22,610.05,613.95,615,607.7,610.6,611.2,610.96,5696918,3480576433,109171,3211636,56.37
WIPRO,EQ,24-Mar-22,611.2,607,613.8,605.8,611.1,610.55,610.7,3875745,2366936828,78824,1710194,44.13
WIPRO,EQ,25-Mar-22,610.55,611,614,597.25,604.45,603.35,605.05,5993097,3626115211,122975,3345680,55.83
WIPRO,EQ,28-Mar-22,603.35,608,609,597.1,600,600.2,601.36,5738405,3450847647,87595,3272847,57.03
WIPRO,EQ,29-Mar-22,600.2,603,605.35,599.15,603.9,602.5,602.19,4701003,2830880767,73506,2927466,62.27
WIPRO,EQ,30-Mar-22,602.5,605.1,609.3,599.5,600.1,600.8,604.1,7744382,4678373317,116562,5449810,70.37
WIPRO,EQ,31-Mar-22,600.8,600,603.3,590.2,593.5,591.9,594.86,7238089,4305652345,162527,4266605,58.95
WIPRO,EQ,1-Apr-22,591.9,591.7,603.4,589.3,602.75,601.8,596.88,4283997,2557012611,93484,2206719,51.51
WIPRO,EQ,4-Apr-22,601.8,605,606.5,599,606,605.6,604.34,4427974,2675981737,105855,2295199,51.83
WIPRO,EQ,5-Apr-22,605.6,605.45,609.5,598.05,599,599.15,601.9,6431244,3870955898,151120,3175117,49.37
WIPRO,EQ,6-Apr-22,599.15,598,598,591,593.5,593.55,593.87,4117951,2445540020,105112,1972687,47.9
WIPRO,EQ,7-Apr-22,593.55,592,592,577.5,582.2,580.85,583.33,7860765,4585417241,210980,3818735,48.58
WIPRO,EQ,8-Apr-22,580.85,586,587,580.5,585,583.65,584.19,4318316,2522737044,114666,2041319,47.27
WIPRO,EQ,11-Apr-22,583.65,584,584.25,568.1,571.45,571.1,573.04,8582108,4917925389,211764,4381201,51.05
WIPRO,EQ,12-Apr-22,571.1,568,568,556.2,558.55,558.7,560.87,8169266,4581875634,197719,4090026,50.07
WIPRO,EQ,13-Apr-22,558.7,560,565.5,554.6,559.8,559.2,559.96,5602288,3137075775,125855,2276970,40.64
WIPRO,EQ,18-Apr-22,559.2,549.85,549.85,536,540.55,538.6,540.77,9465031,5118403174,299841,5408972,57.15
WIPRO,EQ,19-Apr-22,538.6,544,545.55,526.05,528.65,530.45,536.67,6643004,3565095417,183436,3357095,50.54
WIPRO,EQ,20-Apr-22,530.45,536,540.55,531.35,538,536.5,536.75,4330488,2324371185,108433,1656555,38.25
WIPRO,EQ,21-Apr-22,536.5,541,542.5,537.35,539.9,539.2,539.84,6694391,3613909075,97342,4170515,62.3
WIPRO,EQ,22-Apr-22,539.2,535,540.85,530.65,537.8,537.7,537.06,4891212,2626868280,100828,1826776,37.35
WIPRO,EQ,25-Apr-22,537.7,529.95,531.15,523.3,530.6,529.35,527.62,4736884,2499268390,134390,2132593,45.02
WIPRO,EQ,26-Apr-22,529.35,537,537.75,527.1,528.95,529.25,532.42,4359370,2321007949,107572,2121881,48.67
WIPRO,EQ,27-Apr-22,529.25,527,527,514.5,520,518.95,518.85,8137539,4222147097,178169,3694117,45.4
WIPRO,EQ,28-Apr-22,518.95,524,526.65,516,522.5,522.55,521.29,6620669,3451318602,161867,3487304,52.67
WIPRO,EQ,29-Apr-22,522.55,528.5,528.5,507,508,508.8,514.09,12075630,6207908081,301947,6030748,49.94
WIPRO,EQ,2-May-22,508.8,515.5,519,492.6,495.5,495,498.28,21911427,10917919555,491356,11836888,54.02
WIPRO,EQ,4-May-22,495,500,503.85,489.25,492.25,491.75,496.12,8633927,4283482800,171468,3536903,40.97
WIPRO,EQ,5-May-22,491.75,501,503.7,496.3,500.9,501.15,499.05,5434766,2712229676,111146,2139240,39.36
WIPRO,EQ,6-May-22,501.15,490,490.9,481,486.3,485.1,484.25,9220891,4465240071,244960,4366251,47.35
WIPRO,EQ,9-May-22,485.1,482,489.35,474.6,483.85,483.15,483.71,8337625,4032966172,173536,3778334,45.32
WIPRO,EQ,10-May-22,483.15,483,483.75,476.15,477.1,477.65,480.28,7484767,3594799986,171652,4928203,65.84
WIPRO,EQ,11-May-22,477.65,480.05,481.95,462.55,475.95,471.9,470.86,10514671,4950967219,218374,5943810,56.53
WIPRO,EQ,12-May-22,471.9,468.1,476,462.15,475.5,473.8,470.53,7286500,3428524388,173792,2792051,38.32
WIPRO,EQ,13-May-22,473.8,479.5,479.5,467,468.8,468.65,472.26,8387659,3961189112,203118,3751197,44.72
WIPRO,EQ,16-May-22,468.65,474,474.35,465,468.8,468,468.95,3657033,1714979350,92711,1257259,34.38
WIPRO,EQ,17-May-22,468,471,489,468.3,488,486.65,478.33,5660725,2707676436,108075,2385188,42.14
WIPRO,EQ,18-May-22,486.65,490.9,495.25,480.6,481.8,481.25,487.64,7695484,3752646274,138031,2997103,38.95
WIPRO,EQ,19-May-22,481.25,466.15,473.8,450,453.45,451.15,457.27,11472989,5246209508,279938,5377119,46.87
WIPRO,EQ,20-May-22,451.15,462,462.2,455,459.8,459.6,458.53,6365956,2918981445,149463,2429947,38.17
WIPRO,EQ,23-May-22,459.6,463.8,467.8,457.5,467,466,464.33,7055784,3276212526,103619,3931993,55.73
WIPRO,EQ,24-May-22,466,468.45,469.6,458,460.7,459.95,462.17,6889730,3184205446,123970,3718199,53.97
WIPRO,EQ,25-May-22,459.95,460.15,460.85,443.2,446.7,444.85,448.23,7740753,3469603501,163344,3918712,50.62
WIPRO,EQ,26-May-22,444.85,446,454.7,444,454.6,453.35,448.94,5791541,2600079514,105271,1928994,33.31
WIPRO,EQ,27-May-22,453.35,460,467.95,456.25,467.6,466.95,462.88,5707236,2641778037,103129,1328410,23.28
WIPRO,EQ,30-May-22,466.95,473.15,481.5,473.15,476.2,476.25,477.62,6145574,2935262422,111979,1852549,30.14
WIPRO,EQ,31-May-22,476.25,475.9,480.75,470.4,479.5,478.05,477.58,15793502,7542733129,102083,11686902,74
WIPRO,EQ,1-Jun-22,478.05,478.95,478.95,468.5,471.7,470.75,473.95,5257283,2491682017,91697,2292910,43.61
WIPRO,EQ,2-Jun-22,470.75,471.8,476.45,468.1,474.5,474.15,474.08,5267520,2497230088,89913,2001776,38
WIPRO,EQ,3-Jun-22,474.15,479.65,488,474.5,476.75,475.5,483.14,11634889,5621266372,150795,4813606,41.37
WIPRO,EQ,6-Jun-22,475.5,472,475.5,464.2,473.8,473.2,469.96,6895578,3240631699,92789,3396783,49.26
WIPRO,EQ,7-Jun-22,473.2,470,470.75,465.15,467.2,467.65,467.67,2350671,1099332681,62867,860089,36.59
WIPRO,EQ,8-Jun-22,467.65,471.05,472,464.3,470,470.4,469.31,2813826,1320545487,62994,963483,34.24
WIPRO,EQ,9-Jun-22,470.4,467.05,476.15,464.25,475.65,475.05,470.77,3701119,1742363910,77806,1419474,38.35
WIPRO,EQ,10-Jun-22,475.05,467.2,467.2,456.3,461.2,460.95,460.04,8726549,4014533432,151160,3731946,42.77
WIPRO,EQ,13-Jun-22,460.95,450.05,453,445,447.5,446.1,449.15,7065411,3173460356,162709,3631165,51.39
WIPRO,EQ,14-Jun-22,446.1,440,453.7,438,446,445.9,448.37,6528192,2927042078,116425,2411166,36.93
WIPRO,EQ,15-Jun-22,445.9,448.45,450.65,439.3,440.45,440.1,442.92,5695798,2522777101,162012,2817756,49.47
WIPRO,EQ,16-Jun-22,440.1,446,446.75,419.75,421.85,422.3,428.42,8972343,3843940129,226961,4014888,44.75
WIPRO,EQ,17-Jun-22,422.3,416,418.75,402.05,406.4,405.2,407.44,20775273,8464753515,298525,11009933,53
WIPRO,EQ,20-Jun-22,405.2,409,417.9,404.15,417.85,414.65,409.78,10375419,4251679235,195762,4409850,42.5
WIPRO,EQ,21-Jun-22,414.65,420,426.75,416.65,425.4,425.15,423.27,6093902,2579390906,138487,1991589,32.68
WIPRO,EQ,22-Jun-22,425.15,422.7,422.7,410.3,411.8,411.25,414.25,8101431,3355997140,118936,3497551,43.17
WIPRO,EQ,23-Jun-22,411.25,412.5,420.8,411.3,420.8,419.05,416.72,9827505,4095366833,117424,4320921,55.49
WIPRO,EQ,24-Jun-22,419.05,421,426,415.75,418.65,418.75,418.98,7681051,3218180522,100104,2813323,36.63
WIPRO,EQ,27-Jun-22,418.75,427,430.75,424,424.95,424.9,426.86,6223935,2656718747,99848,2356276,37.86
WIPRO,EQ,28-Jun-22,424.9,422,429.1,415.7,427,427.25,422.49,6045914,2554326697,84342,2583468,42.73
WIPRO,EQ,29-Jun-22,427.25,420,424.8,417.4,419.35,420.75,421.69,8342088,3517775521,99270,4114114,49.32
WIPRO,EQ,30-Jun-22,420.75,421.9,423,415,415.6,416.05,417.69,6061642,2531899087,121156,2770137,45.7
WIPRO,EQ,1-Jul-22,416.05,415,423.2,411.4,422.05,422,416.53,4453624,1855063931,97314,1421883,31.93
WIPRO,EQ,4-Jul-22,422,420.95,421.75,416,420,420.3,419.34,3186358,1336172042,116498,1150723,36.11
WIPRO,EQ,5-Jul-22,420.3,421.1,423.05,413.05,414.2,413.6,418.43,5756605,2408743760,144794,2656460,46.15
WIPRO,EQ,6-Jul-22,413.6,418.6,418.6,413.1,416.6,416.05,415.81,5261455,2187779115,88439,1847369,35.11
WIPRO,EQ,7-Jul-22,416.05,420,423.95,417.2,420.95,420.8,420.91,5353012,2253144412,98119,2514255,46.97
WIPRO,EQ,8-Jul-22,420.8,424,424.7,416.55,420,419.1,420.45,4767716,2004600676,83199,1744590,36.59
WIPRO,EQ,11-Jul-22,419.1,414.75,415,405.55,411.3,411.2,409.83,8344787,3419966141,149773,3180553,38.11
WIPRO,EQ,12-Jul-22,411.2,409,414.85,408,408.5,409.15,411.06,4888736,2009585977,94683,1823478,37.3
WIPRO,EQ,13-Jul-22,409.15,412,412,405.35,407.1,406.7,408.54,5978390,2442428452,129671,2853190,47.73
WIPRO,EQ,14-Jul-22,406.7,410.6,410.6,400.5,402.25,401.45,404.31,6580621,2660621482,120492,3290630,50
WIPRO,EQ,15-Jul-22,401.45,400.95,404.1,391,393.5,393.85,394.69,11164177,4406355241,224422,4709925,42.19
WIPRO,EQ,18-Jul-22,393.85,399,405.7,396.65,404.9,404.75,402.64,6816197,2744488415,118480,2567813,37.67
WIPRO,EQ,19-Jul-22,404.75,403,407.8,401.2,405.5,405.65,404.95,6448589,2611333420,101344,2179968,33.81
WIPRO,EQ,20-Jul-22,405.65,410.8,417.5,407.1,411.7,412.1,412.45,12618706,5204629710,168289,5293957,41.95
WIPRO,EQ,21-Jul-22,412.1,408.85,417.5,402.6,413.35,414,411.22,22691171,9330999104,228765,5984015,26.37
WIPRO,EQ,22-Jul-22,414,415.75,417.4,409.05,410.6,410.85,411.56,7734271,3183139837,139715,2976043,38.48
WIPRO,BL,25-Jul-22,636.25,410.85,410.85,410.85,410.85,410.85,410.85,1850569,760306273.7,37735,3056432,45.65
WIPRO,EQ,25-Jul-22,410.85,410.5,415.65,408.55,414.8,414.8,412.99,6267831,2588555712,98310,3084164,49.21
WIPRO,EQ,26-Jul-22,414.8,414.8,415.4,404.3,405.1,405.2,407.78,7593149,3096313531,128287,3610944,47.56
WIPRO,EQ,27-Jul-22,405.2,404.95,407.4,401.95,407.2,406.65,405.7,7042079,2856994167,93899,4304008,61.12
WIPRO,EQ,28-Jul-22,406.65,411.8,417,410.9,415.6,416,414.9,7949232,3298099893,113762,3562228,44.81
WIPRO,EQ,29-Jul-22,416,420.6,424.3,417.8,423.95,423.7,422.09,7959892,3359806441,122222,3454801,43.4
WIPRO,EQ,1-Aug-22,423.7,426.2,430.9,422.6,430.5,429,426.79,5182874,2212012980,100782,2209537,42.63
WIPRO,EQ,2-Aug-22,429,428.95,431.65,424.65,428.35,429.6,428.98,8456213,3627504991,129149,5131584,60.68
WIPRO,EQ,3-Aug-22,429.6,429,433,427.5,433,432.35,431.32,6017469,2595461277,102634,2553797,42.44
WIPRO,EQ,4-Aug-22,432.35,437.05,440.3,427.1,435,435.5,435.69,8894567,3875237954,122733,4126300,46.39
WIPRO,EQ,5-Aug-22,435.5,436.15,442,436.15,440,440,439.85,6483793,2851913382,101710,3143152,48.48
WIPRO,BL,8-Aug-22,410.85,440,440,440,440,440,440,1850571,814251240,117965,3757721,47.54
WIPRO,EQ,8-Aug-22,440,442.8,442.8,435.2,436.4,435.85,436.88,4778748,2087732922,113717,2166364,45.33
WIPRO,EQ,10-Aug-22,435.85,435,436,426.3,430.8,430.15,429.43,5664871,2432652678,126146,2267862,40.03
WIPRO,EQ,11-Aug-22,430.15,438,442,436.3,438.45,438.45,439.2,4577322,2010350293,82575,1750806,38.25
WIPRO,EQ,12-Aug-22,438.45,437.1,438.5,435,436.5,436.1,436.89,3546199,1549285593,72264,1564743,44.12
WIPRO,EQ,16-Aug-22,436.1,438.5,439.8,436.6,437.25,437.1,437.87,2387104,1045233601,69802,1112014,46.58
WIPRO,EQ,17-Aug-22,437.1,437.25,444.9,436.65,443.25,443.05,441.41,5200738,2295668617,98021,2092894,40.24
WIPRO,EQ,18-Aug-22,443.05,441.75,441.75,434.05,435.5,435.05,435.91,8444130,3680917275,166259,3840634,45.48
WIPRO,EQ,19-Aug-22,435.05,438.95,442.5,431,431.65,432.45,437.51,8626954,3774370342,118750,2937971,34.06
WIPRO,EQ,22-Aug-22,432.45,430.9,430.9,419.05,420.2,420,423.58,6450290,2732182272,144420,3928558,60.91
WIPRO,EQ,23-Aug-22,420,415,418.5,410,418.5,416.65,414.71,8514388,3531028248,136570,3509473,41.22
WIPRO,EQ,24-Aug-22,416.65,417.8,419.5,414.35,416.3,416.15,416.31,3714585,1546409039,78252,1548457,41.69
WIPRO,EQ,25-Aug-22,416.15,419.3,420.1,414.95,416,415.2,417.7,4376951,1828230597,87244,1961043,44.8
WIPRO,EQ,26-Aug-22,415.2,418.5,422.5,416.3,417.65,417.25,419.34,3952097,1657287852,78576,1464734,37.06
WIPRO,EQ,29-Aug-22,417.25,405,406.35,399,405.2,404.35,403.86,11759757,4749251570,237679,6535628,55.58
WIPRO,EQ,30-Aug-22,404.35,409.15,415.95,406.25,414.2,413.55,411.85,9875496,4067214933,135079,5850152,59.24
WIPRO,EQ,1-Sep-22,413.55,409.9,411.65,404.85,410.8,410.45,409.51,5889353,2411775896,180719,3198575,54.31
WIPRO,EQ,2-Sep-22,410.45,412.55,412.75,407.1,407.65,407.7,408.95,4907540,2006921360,107906,2717937,55.38
WIPRO,EQ,5-Sep-22,407.7,407,408,404,405.75,405.5,405.92,9009254,3656994302,110048,6264171,69.53
WIPRO,EQ,6-Sep-22,405.5,407,407.35,401.25,405.1,404.45,403.79,9113081,3679785976,162711,5068062,55.61
WIPRO,EQ,7-Sep-22,404.45,402.1,408.85,401,407.75,407.45,404.83,6124266,2479263551,92656,2092165,34.16
WIPRO,EQ,8-Sep-22,407.45,410,414.35,409.6,412.2,412.8,412.33,7032474,2899673445,88883,3520332,50.06
WIPRO,EQ,9-Sep-22,412.8,417,419.45,411.35,416.9,417.15,415.78,7335671,3050008721,104119,3244450,44.23
WIPRO,EQ,12-Sep-22,417.15,419.85,424.4,418.05,421.75,422,422.56,5839212,2467429330,91649,2441923,41.82
WIPRO,EQ,13-Sep-22,422,424.9,426,421.5,422.7,422.65,423.71,4704167,1993203229,78828,2397104,50.96
WIPRO,EQ,14-Sep-22,422.65,409,422.7,409,417,416.3,415.67,8791982,3654535072,117185,2892240,32.9
WIPRO,EQ,15-Sep-22,416.3,419.7,420.9,413.25,414.9,415.05,415.56,5320157,2210846632,96741,2416585,45.42
WIPRO,EQ,16-Sep-22,415.05,412.75,412.75,400.2,402,401.65,404.77,10096243,4086679080,186804,5885023,58.29
WIPRO,EQ,19-Sep-22,401.65,405,406.2,397,402.5,401.95,402.65,6792094,2734803182,127177,2642937,38.91
WIPRO,EQ,20-Sep-22,401.95,406,409.4,404.45,405,404.9,406.63,4494911,1827756727,83880,2111306,46.97
WIPRO,EQ,21-Sep-22,404.9,405.9,405.9,399.5,401.55,400.75,401.55,9645056,3872941317,116123,6257376,64.88
WIPRO,EQ,22-Sep-22,400.75,398,400.35,395,398.3,397.95,397.8,8250162,3281905089,154355,3555914,43.1
WIPRO,EQ,23-Sep-22,397.95,398.1,399.4,393.65,394.2,394.35,396.48,6983355,2768759235,151247,2661694,38.11
WIPRO,EQ,26-Sep-22,394.35,392,399.2,384.6,395.65,394.8,391.71,9497072,3720099020,173332,2980424,31.38
WIPRO,EQ,27-Sep-22,394.8,396.8,401.4,392,399.4,398.4,397.7,6227347,2476595961,124570,2080912,37.8
WIPRO,EQ,28-Sep-22,398.4,396,400.5,395.35,397.8,398.05,398.67,4460795,1778372302,94696,1792469,40.18
WIPRO,EQ,29-Sep-22,398.05,401,401.9,391.55,393.4,392.8,395.28,5941534,2348564667,121871,2661492,44.79
WIPRO,EQ,30-Sep-22,392.8,392.45,396.7,387.5,394.7,394.25,392.17,6785265,2660987241,113119,2713671,39.99
WIPRO,BL,3-Oct-22,440,394.25,394.25,394.25,394.25,394.25,394.25,1716415,676696613.8,78543,247865,35.67
WIPRO,EQ,3-Oct-22,394.25,393.9,398,390.6,394.2,394.5,394.88,4070417,1607309064,79775,1343825,33.01
WIPRO,EQ,4-Oct-22,394.5,399.95,406,399,405.6,405.5,403.78,6295848,2542159661,99985,2770334,44
WIPRO,EQ,6-Oct-22,405.5,409.35,413,407.45,409.5,410.15,410,5601939,2296810585,98941,2760890,49.28
WIPRO,EQ,7-Oct-22,410.15,409.8,411.75,406.25,407.45,408.1,408.4,3790093,1547867182,66547,1637570,43.21
WIPRO,EQ,10-Oct-22,408.1,400.3,413.5,399.75,412.9,411.3,406.79,9357463,3806535748,134498,5392290,57.63
WIPRO,EQ,11-Oct-22,411.3,414.9,417.9,402.3,403,404.4,410.92,11361646,4668741617,182559,3252451,28.63
WIPRO,EQ,12-Oct-22,404.4,404.25,409.6,401.6,408.55,407.95,406.21,6305059,2561149881,87449,1320130,20.94
WIPRO,EQ,13-Oct-22,407.95,387,392.35,378.1,379.6,379.1,382.87,42448106,16252222825,618958,18592824,43.8
WIPRO,EQ,14-Oct-22,379.1,387,387.5,376.25,377.8,377.3,381.36,13932397,5313307130,230005,4465571,32.05
WIPRO,BL,17-Oct-22,394.25,377.3,377.3,377.3,377.3,377.3,377.3,1754256,661880788.8,179076,875421,36.87
WIPRO,EQ,17-Oct-22,377.3,377.3,378.95,372.4,375.9,375.1,375.44,8454769,3174248752,150604,3275719,38.74
WIPRO,EQ,18-Oct-22,375.1,383.7,384.25,378.4,379.4,379.3,380.41,11164240,4246977420,162138,5532754,49.56
WIPRO,EQ,19-Oct-22,379.3,381.2,381.2,377.05,378.4,378.05,378.88,5099139,1931948893,95814,2222146,43.58
WIPRO,EQ,20-Oct-22,378.05,377,382.6,376,381.4,381.5,380.74,5934407,2259489061,96112,2684614,45.24
WIPRO,EQ,21-Oct-22,381.5,382.5,383.3,380.2,382.7,382.55,382.06,4465770,1706187005,68431,1993440,56.74
WIPRO,EQ,24-Oct-22,382.55,386.4,386.4,384,384.5,384.7,385.03,1736235,668500453,64653,1137681,65.53
WIPRO,EQ,25-Oct-22,384.7,386.45,386.45,383.65,384.5,384.65,384.8,2891628,1112702319,64646,1446660,50.03
WIPRO,EQ,27-Oct-22,384.65,386,386.95,381.1,383.5,382.65,383.76,5861559,2249449762,104443,3647295,62.22
WIPRO,EQ,28-Oct-22,382.65,382.8,385.85,382,383.7,383.25,383.97,3804838,1460944201,70469,1409881,51.67
WIPRO,EQ,31-Oct-22,383.25,386.55,388.4,384.75,386.45,386.55,386.42,3319191,1282602442,69486,1569668,47.29
WIPRO,EQ,1-Nov-22,386.55,388,393,386.6,392.85,392.4,390.44,5770098,2252849003,90916,2879330,49.9
WIPRO,EQ,2-Nov-22,392.4,392.85,394.85,390.65,393.7,393.95,393.3,3358307,1320828014,56305,1366765,40.7
WIPRO,BL,3-Nov-22,377.3,393.95,393.95,393.95,393.95,393.95,393.95,2074910,817410794.5,67890,119845,32.68
WIPRO,EQ,3-Nov-22,393.95,389.75,393.75,385.55,389.05,388.5,389.29,5156238,2007295444,87395,1299086,25.19
WIPRO,EQ,4-Nov-22,388.5,388.5,392.4,385.65,391.3,390.55,388.03,4511815,1750703376,77721,1829303,40.54
WIPRO,EQ,7-Nov-22,390.55,393,394.85,387.6,391.75,391.5,390.5,4126299,1611331138,89698,1712352,41.5
WIPRO,EQ,9-Nov-22,391.5,394.05,394.4,389.15,391,390.95,391.66,3431273,1343887466,73063,1551433,45.21
WIPRO,EQ,10-Nov-22,390.95,388.8,391.1,387,389.5,388.9,388.9,2747454,1068492208,63913,1099199,40.01
WIPRO,EQ,11-Nov-22,388.9,398.5,405.85,397.25,400.1,399.7,401.28,14208523,5701616540,228063,5785072,40.72
WIPRO,BL,14-Nov-22,393.95,399.7,399.7,399.7,399.7,399.7,399.7,2074909,829341127.3,459026,5289762,48.98
WIPRO,EQ,14-Nov-22,399.7,402.65,402.65,395.55,396.5,396.55,397.97,8811714,3506816614,99964,4762183,54.04
WIPRO,EQ,15-Nov-22,396.55,398.05,399.55,394,397.9,397.15,395.88,6231356,2466839775,91448,3121304,50.09
WIPRO,EQ,16-Nov-22,397.15,399,401.7,396.2,398.2,398.25,399.15,5519764,2203234515,85156,1894413,39.1
WIPRO,EQ,17-Nov-22,398.25,397.9,398,395,397.3,396.75,396.67,3028808,1201426002,72064,1286196,42.47
WIPRO,EQ,18-Nov-22,396.75,397.85,398.9,392.8,394.9,393.85,394.35,4773101,1882249298,69060,2473601,51.82
WIPRO,EQ,21-Nov-22,393.85,393.85,394.45,387.6,388,388.65,389.86,3952306,1540841462,68819,1819807,46.04
WIPRO,EQ,22-Nov-22,388.65,389,389.4,384.5,389,388.8,387.75,4205414,1630651546,75486,2496470,59.36
WIPRO,EQ,23-Nov-22,388.8,390.75,391.95,388,388.15,388.75,389.75,3358880,1309107535,82644,1653428,49.23
WIPRO,EQ,24-Nov-22,388.75,389.9,399.75,389.15,398.1,398.25,394.35,6685133,2636290699,88865,3517341,52.61
WIPRO,EQ,25-Nov-22,398.25,399,404.4,395.9,402.2,402.8,400.12,6824275,2730546656,100995,3039285,44.54
WIPRO,EQ,28-Nov-22,402.8,402.8,409.45,402,404.45,405.65,406.49,6839600,2780212755,103174,3374469,49.34
WIPRO,EQ,29-Nov-22,405.65,403,408.9,402.9,404,405.15,406.45,4551301,1849870462,69243,1928925,42.38
WIPRO,EQ,30-Nov-22,405.15,406.9,408,402.65,407.7,406.9,405.54,6946173,2816945939,75231,4128358,59.43
WIPRO,EQ,1-Dec-22,406.9,412.85,416.35,411.65,413.75,413.7,413.79,7926492,3279894349,109646,2954464,37.27
WIPRO,EQ,2-Dec-22,413.7,413.8,413.9,409.05,412.35,412.4,411.32,5863311,2411701565,109096,3259729,55.6
WIPRO,EQ,5-Dec-22,412.4,413.25,414.95,410.65,413,412.35,412.52,4973531,2051683675,80809,2660924,53.5
WIPRO,EQ,6-Dec-22,412.35,410.5,412.6,407.8,410.95,411.35,410.32,4416259,1812088898,57128,2164937,49.02
WIPRO,EQ,7-Dec-22,411.35,409,409.5,405.3,405.5,406.3,407.32,3284308,1337773358,61246,1570879,47.83
WIPRO,EQ,8-Dec-22,406.3,407.25,408,403.3,403.85,403.7,404.86,4470356,1809849283,84256,2345760,52.47
WIPRO,EQ,9-Dec-22,403.7,406,406,391.25,394.15,394.05,396.79,7711668,3059940722,149629,3495403,45.33
WIPRO,EQ,12-Dec-22,394.05,392.9,397.5,388,397.15,396.35,393.75,5182940,2040788228,95466,1870306,36.09
WIPRO,EQ,13-Dec-22,396.35,398.35,399.35,396,397.8,397.75,397.59,3406921,1354550160,85234,1383421,40.61
WIPRO,EQ,14-Dec-22,397.75,400.8,404.5,399.25,399.85,400.05,401.09,4997576,2004459649,111856,2334156,46.71
WIPRO,EQ,15-Dec-22,400.05,399.75,399.75,394.05,395.1,395.2,396.4,3883463,1539415085,92350,1886755,48.58
WIPRO,EQ,16-Dec-22,395.2,391.4,394.8,388.05,389.6,389.75,390.99,9006317,3521404577,126133,5595056,62.12
WIPRO,EQ,19-Dec-22,389.75,388.45,390.5,385.7,389.8,389.05,388.03,4419023,1714712801,110160,2005610,45.39
WIPRO,EQ,20-Dec-22,389.05,388.8,389.9,383,389.9,388.95,386.27,4389279,1695464556,89800,1620868,36.93
WIPRO,EQ,21-Dec-22,388.95,390.9,393.25,387.85,389.1,389.5,390.18,5107607,1992911389,85256,2533216,49.6
WIPRO,EQ,22-Dec-22,389.5,390.1,391.95,386,388.3,388.75,388.6,4546900,1766929109,110463,2187343,48.11
WIPRO,EQ,23-Dec-22,388.75,384,385.85,377,378.15,377.65,380.85,6060355,2308090374,177514,2945088,48.6
WIPRO,EQ,26-Dec-22,377.65,378,381.6,376.3,380.2,380.5,380.03,3630574,1379739623,90962,1573688,43.35
WIPRO,EQ,27-Dec-22,380.5,382.5,387.35,380.25,387.05,386.6,384.31,3842920,1476861932,60580,1414286,36.8
WIPRO,EQ,28-Dec-22,386.6,385,389.55,383.25,387.75,387.8,387.16,3838001,1485912242,78572,1617319,42.14
WIPRO,EQ,29-Dec-22,387.8,386.25,392.1,384.8,391,390.75,388.54,4742699,1842739110,80438,2088337,44.03
WIPRO,EQ,30-Dec-22,390.75,393,396.3,391.55,392.75,392.75,393.92,4128278,1626208140,70935,1666816,40.38
WIPRO,EQ,2-Jan-23,392.75,393,393.9,390.5,393.1,393.05,392.31,2779756,1090531973,61896,1035076,37.24
WIPRO,EQ,3-Jan-23,393.05,393.05,397.75,391.7,397.2,397.05,395.14,2997211,1184321351,49960,1197281,39.95
WIPRO,EQ,4-Jan-23,397.05,397.5,397.5,388.6,389.4,389.7,391.46,4463261,1747178085,128270,2290971,51.33
WIPRO,EQ,5-Jan-23,389.7,390,392.2,383.75,387.1,386.9,387.05,4784490,1851844197,105121,2489587,52.03
WIPRO,EQ,6-Jan-23,386.9,387,388.8,381.4,382.5,382,383.86,4242377,1628463954,91273,1937553,45.67
WIPRO,EQ,9-Jan-23,382,386,393,385.1,391.95,391.8,390.09,3673716,1433063610,79793,1447373,39.4
WIPRO,EQ,10-Jan-23,391.8,392,393.9,387.35,392.95,393.05,390.93,3939748,1540166720,72001,1657821,42.08
WIPRO,EQ,11-Jan-23,393.05,393,396,391.5,393.75,393.85,394.19,3828300,1509076895,74321,1655300,43.24
WIPRO,EQ,12-Jan-23,393.85,395.75,397.9,390.5,394.9,394.5,393.84,4755250,1872794690,82363,1958240,41.18
WIPRO,EQ,13-Jan-23,394.5,396,396.6,386.5,395.5,393.9,392.45,6810930,2672939296,106454,1959629,28.77
WIPRO,EQ,16-Jan-23,393.9,390,401,389,398.95,398.6,397.59,11933722,4744771991,167139,3987251,33.41
WIPRO,EQ,17-Jan-23,398.6,400.05,402.05,393.75,396.2,396.35,397.35,7155016,2843066823,110657,3623902,50.65
WIPRO,EQ,18-Jan-23,396.35,398.5,403.85,398,403.45,403.2,401.96,8040213,3231815602,169128,4276882,53.19
WIPRO,EQ,19-Jan-23,403.2,402.1,404,398.75,403,403.4,402.1,4723728,1899391738,61290,2070941,43.84
WIPRO,EQ,20-Jan-23,403.4,403.55,405.4,401.3,403,403.15,403.32,4632807,1868485118,69849,2503996,54.05
WIPRO,EQ,23-Jan-23,403.15,405.2,407.75,402.5,406.35,407,405.38,4407645,1786771219,84229,2452903,55.65
WIPRO,EQ,24-Jan-23,407,408.4,410.2,405.15,406.35,406.6,407.21,4776320,1944979940,89359,1965379,41.15
WIPRO,EQ,25-Jan-23,406.6,405,405.9,400,401.4,401.55,402.13,3177777,1277893746,78480,1581247,49.76
WIPRO,EQ,27-Jan-23,401.55,401.55,403.6,394.2,399,398.05,398.73,3705067,1477311285,96233,1571959,42.43
WIPRO,EQ,30-Jan-23,398.05,398.05,404.8,395.05,402.5,402.25,401.17,3630628,1456511573,80437,1750486,48.21
WIPRO,EQ,31-Jan-23,402.25,402.3,402.55,397.7,398.75,398.85,399.65,4783423,1911698114,95774,2959054,61.86
WIPRO,EQ,1-Feb-23,398.85,401.5,403.9,398.35,402,402.4,401.44,3514948,1411038152,80393,1669463,47.5
WIPRO,EQ,2-Feb-23,402.4,402.4,410,402.4,409.95,409.45,406.85,5417730,2204188071,96633,3044275,56.19
WIPRO,EQ,3-Feb-23,409.45,412.55,413,406.15,407.2,407.9,408.69,4425118,1808513165,96647,1820267,41.13
WIPRO,EQ,6-Feb-23,407.9,405.4,406.2,401.6,405,404.65,403.87,2979011,1203126502,67838,1484603,49.84
WIPRO,EQ,7-Feb-23,404.65,405.5,405.5,399.05,400.6,400.5,400.8,3341790,1339399605,65776,1886831,56.46
WIPRO,EQ,8-Feb-23,400.5,401,407.6,401,407.5,406.75,405.52,4150488,1683115909,65874,2352803,56.69
WIPRO,EQ,9-Feb-23,406.75,406.75,408.95,403.55,407.7,408.3,406.64,2638687,1072997130,47612,1281782,48.58
WIPRO,EQ,10-Feb-23,408.3,407,407,402.8,405.25,405.8,405.24,2580070,1045548072,58591,1300909,50.42
WIPRO,EQ,13-Feb-23,405.8,405.65,405.65,399.2,400.65,400.6,401.36,2412678,968357629.3,47729,980599,40.64
WIPRO,EQ,14-Feb-23,400.6,403,406.45,401.5,405.2,405.1,404.93,2319411,939196277.6,50277,1091452,47.06
WIPRO,EQ,15-Feb-23,405.1,402.7,407.85,400.35,407,407.4,404.91,2613836,1058358800,53825,1125041,43.04
WIPRO,EQ,16-Feb-23,407.4,408.8,413.25,408.55,409,409.9,411.04,5594681,2299611269,108077,2880288,51.48
WIPRO,EQ,17-Feb-23,409.9,406.85,408,404,405.9,406.3,405.54,2808122,1138794387,48626,1242077,44.23
WIPRO,EQ,20-Feb-23,406.3,405.3,407.8,402.2,407,407.05,405.94,3248594,1318749737,52559,1149844,35.4
WIPRO,EQ,21-Feb-23,407.05,407.4,408,402.1,402.65,402.75,404.02,2880586,1163824388,75015,1543529,53.58
WIPRO,EQ,22-Feb-23,402.75,399.5,400.35,394.45,394.5,395.15,396.75,3441686,1365483106,90378,1845291,53.62
WIPRO,EQ,23-Feb-23,395.15,395.8,398.7,393.4,395,393.95,395.59,3039161,1202271831,61973,1520430,50.03
WIPRO,EQ,24-Feb-23,393.95,395.95,396.5,392.55,394,393.3,394.45,2553317,1007153250,49402,1339910,52.48
WIPRO,EQ,27-Feb-23,393.3,392.75,393.3,385.45,390.9,390.35,388.41,2777355,1078741986,60867,1064879,38.34
WIPRO,EQ,28-Feb-23,390.35,391.85,393.2,385.7,387.3,387.05,388.27,5030801,1953291563,84329,2946664,58.57
WIPRO,EQ,1-Mar-23,387.05,388.1,391.75,387.3,391.6,390.95,389.97,2271306,885735291.6,51483,1113037,49
WIPRO,EQ,2-Mar-23,390.95,388.7,390.35,387.3,388,388.05,388.48,2219486,862227724.6,51060,1110211,50.02
WIPRO,EQ,3-Mar-23,388.05,390.6,391.45,389.1,390.5,390.45,390.42,2196968,857730782.3,46017,1152072,52.44
WIPRO,EQ,6-Mar-23,390.45,392.45,396.65,392.1,393.3,393.75,394.9,3363861,1328399752,49290,1658154,49.29
WIPRO,EQ,8-Mar-23,393.75,391.65,393,388.85,392.55,392.6,391.48,2454421,960864458.2,54654,1208905,49.25
WIPRO,EQ,9-Mar-23,392.6,392.8,393.85,389.6,390.3,390.1,391.27,2078527,813257570.2,49228,1075349,51.74
WIPRO,EQ,10-Mar-23,390.1,387.9,389.9,386.6,389.9,389.1,388.45,2283698,887113392.4,52373,1129731,49.47
WIPRO,EQ,13-Mar-23,389.1,389,392.6,383.75,386.25,385.45,387.36,2991260,1158697667,65594,1312651,43.88
WIPRO,EQ,14-Mar-23,385.45,386.55,387.15,377.35,380,379.45,380.76,4047426,1541079717,86623,2118746,52.35
WIPRO,EQ,15-Mar-23,379.45,383.7,383.7,374.9,376.15,375.75,378.15,3843963,1453576359,115802,2164685,56.31
WIPRO,EQ,16-Mar-23,375.75,375.35,376.7,370,373.8,372.85,373.04,3843310,1433719431,97120,1526383,39.72
WIPRO,EQ,17-Mar-23,372.85,377.2,378.35,373.85,376.85,376.5,376.09,4522141,1700715974,61933,2356177,52.1
WIPRO,EQ,20-Mar-23,376.5,375,375.95,365.15,368.35,367.15,368.88,4092377,1509596299,136105,2026275,49.51
WIPRO,EQ,21-Mar-23,367.15,369,370.25,365.45,366.85,366.4,367.16,3605576,1323839930,79289,1693068,46.96
WIPRO,EQ,22-Mar-23,366.4,367.85,370,365.85,366.8,366.4,367.34,2687423,987191548,51397,1022621,38.05
